sessionId,topic,condition,pattern,ageGroup,gender,preStance,preKnowledge,postUnderstanding,postNewInformation,postPerspectiveComparison,postFurtherExploration,chatbotAppropriateness,chatbotTrustworthiness,chatbotEngagement,postStance,systemComment,freeComment,keywordAnswer,keywordCorrect,startedAt,completedAt,completionTimeSeconds,createdAt,updatedAt
5ab5917b-5f94-4095-ac95-a05589e82984,selfdrivingcars,mytwocents,P01,20-29,male,3,4,5,5,4,4,4,3,2,4,いい,いい,犬,false,2026-08-19T14:01:29.225Z,2026-08-19T14:01:55.620Z,26,2026-08-19T14:01:55.621Z,2026-08-19T14:01:55.621Z
08ec4adc-6da0-4c35-9386-8814f1611ae6,selfdrivingcars,mytwocents,P04,40-49,male,3,3,3,3,3,3,3,3,3,3,,,ワニ,true,2026-08-19T14:01:29.893Z,2026-08-19T14:01:59.789Z,30,2026-08-19T14:01:59.790Z,2026-08-19T14:01:59.790Z
c6dcb635-b981-4821-93c7-82c6e237b7ff,selfdrivingcars,mytwocents,P04,20-29,male,3,2,3,3,4,4,2,2,5,4,,,ライオン,false,2026-08-19T14:01:31.196Z,2026-08-19T14:02:00.498Z,29,2026-08-19T14:02:00.498Z,2026-08-19T14:02:00.498Z
14e51898-c7f4-45b4-a7cd-424ab4573d57,nuclearenergy,news,,40-49,male,3,3,3,3,3,3,,,,3,,,ワニ,true,2026-08-19T14:01:41.995Z,2026-08-19T14:02:03.941Z,22,2026-08-19T14:02:03.942Z,2026-08-19T14:02:03.942Z
7755e3bb-2cd4-4f4e-8593-60e8cbbc1dee,nuclearenergy,mytwocents,P05,20-29,female,3,3,4,4,5,4,4,4,4,3,,,ワニ,true,2026-08-19T14:01:28.494Z,2026-08-19T14:02:03.996Z,36,2026-08-19T14:02:03.997Z,2026-08-19T14:02:03.997Z
ecd2bdbe-64e0-4a43-86af-1f032ff89855,surveillance,news,,30-39,female,3,2,4,3,3,3,,,,3,,,ワニ,true,2026-08-19T14:01:53.741Z,2026-08-19T14:02:21.000Z,27,2026-08-19T14:02:21.000Z,2026-08-19T14:02:21.000Z
01ab2138-776f-40d2-bad9-055e20fde6f1,selfdrivingcars,mytwocents,P04,30-39,female,3,4,3,4,4,4,4,4,4,4,,,ワニ,true,2026-08-19T14:01:55.952Z,2026-08-19T14:02:23.120Z,27,2026-08-19T14:02:23.120Z,2026-08-19T14:02:23.120Z
7a45c05f-0a7f-47ea-a2fd-da583612c001,surveillance,mytwocents,P05,30-39,male,1,5,5,3,4,4,3,3,4,1,,,ワニ,true,2026-08-19T14:01:29.450Z,2026-08-19T14:02:24.364Z,55,2026-08-19T14:02:24.365Z,2026-08-19T14:02:24.365Z
deef1e94-2b74-4cf9-b21e-ea44f28c5451,selfdrivingcars,mytwocents,P02,20-29,female,3,4,5,5,5,5,5,5,5,2,,,ワニ,true,2026-08-19T14:01:28.929Z,2026-08-19T14:02:25.196Z,56,2026-08-19T14:02:25.196Z,2026-08-19T14:02:25.196Z
f6d3b89e-0f8d-47f9-80e0-83ef625f0299,nuclearenergy,mytwocents,P03,50-59,male,3,4,4,4,4,4,4,4,4,2,,,ワニ,true,2026-08-19T14:00:46.236Z,2026-08-19T14:02:26.050Z,100,2026-08-19T14:02:26.051Z,2026-08-19T14:02:26.051Z
1e696a02-058b-4aea-a9ff-0758aed2b551,surveillance,mytwocents,P01,30-39,male,1,2,2,1,2,2,1,1,1,1,なし,なし,ワニ,true,2026-08-19T14:01:28.824Z,2026-08-19T14:02:28.918Z,60,2026-08-19T14:02:28.918Z,2026-08-19T14:02:28.918Z
95b287b0-4348-4347-a4c9-694246998cad,selfdrivingcars,news,,50-59,male,4,5,5,5,5,5,,,,1,,,ワニ,true,2026-08-19T14:01:50.594Z,2026-08-19T14:02:33.021Z,42,2026-08-19T14:02:33.022Z,2026-08-19T14:02:33.022Z
447d4691-7949-4f92-8fea-ec29806eb296,surveillance,mytwocents,P05,20-29,female,1,1,4,4,4,4,3,3,4,2,,,ワニ,true,2026-08-19T14:01:30.883Z,2026-08-19T14:02:35.477Z,65,2026-08-19T14:02:35.478Z,2026-08-19T14:02:35.478Z
a0b5248f-a54d-44c8-a3ed-c1e287bcd2da,nuclearenergy,mytwocents,P03,20-29,male,4,5,3,2,4,4,3,4,4,2,いい,いい,ライオン,false,2026-08-19T14:02:05.134Z,2026-08-19T14:02:43.083Z,38,2026-08-19T14:02:43.084Z,2026-08-19T14:02:43.084Z
5a7c1045-f5a5-4e33-92a8-344764f1a46f,nuclearenergy,news,,30-39,male,3,5,5,4,4,4,,,,3,,,ワニ,true,2026-08-19T14:01:50.026Z,2026-08-19T14:02:45.176Z,55,2026-08-19T14:02:45.177Z,2026-08-19T14:02:45.177Z
a52a6a10-5239-4e63-a727-11b50c2ab5c2,surveillance,mytwocents,P02,50-59,male,2,3,4,4,4,5,5,4,4,2,,,ワニ,true,2026-08-19T14:01:37.079Z,2026-08-19T14:02:45.920Z,69,2026-08-19T14:02:45.921Z,2026-08-19T14:02:45.921Z
146bc03e-09fb-416c-8511-5192d272c71c,surveillance,mytwocents,P02,30-39,male,3,4,4,4,4,5,4,4,5,3,,,犬,false,2026-08-19T14:01:28.650Z,2026-08-19T14:02:48.342Z,80,2026-08-19T14:02:48.343Z,2026-08-19T14:02:48.343Z
b1e2087c-b1c3-46cf-94fb-9bc2fea87473,nuclearenergy,mytwocents,P05,30-39,male,3,2,2,2,3,2,3,2,2,3,,,ワニ,true,2026-08-19T14:01:29.315Z,2026-08-19T14:02:49.137Z,80,2026-08-19T14:02:49.137Z,2026-08-19T14:02:49.137Z
b4a71d5b-27d9-43e7-b348-ee30d08f40dd,nuclearenergy,mytwocents,P03,40-49,male,4,4,4,5,5,5,5,4,5,1,,,ワニ,true,2026-08-19T14:01:30.017Z,2026-08-19T14:02:49.720Z,80,2026-08-19T14:02:49.721Z,2026-08-19T14:02:49.721Z
19f2cb0c-cebf-40b2-8d66-2b9bfd98d5d5,surveillance,mytwocents,P04,50-59,female,2,3,3,4,3,4,4,4,4,2,特にない,特にない,ワニ,true,2026-08-19T14:01:59.454Z,2026-08-19T14:03:03.974Z,65,2026-08-19T14:03:03.974Z,2026-08-19T14:03:03.974Z
85b666a8-4ebb-4e25-9012-8dc5c970a8a2,surveillance,mytwocents,P05,30-39,male,2,2,4,4,4,4,4,4,4,2,,,ワニ,true,2026-08-19T14:02:02.248Z,2026-08-19T14:03:04.954Z,63,2026-08-19T14:03:04.955Z,2026-08-19T14:03:04.955Z
7d23778c-7ee9-4fb4-8301-48feb487210a,selfdrivingcars,mytwocents,P04,50-59,male,4,4,5,3,5,5,5,3,5,4,,,ワニ,true,2026-08-19T14:01:30.282Z,2026-08-19T14:03:08.592Z,98,2026-08-19T14:03:08.593Z,2026-08-19T14:03:08.593Z
35d33229-49bd-4eb8-983e-83f351ac27e9,nuclearenergy,mytwocents,P03,50-59,male,3,3,3,2,3,2,3,3,2,3,,,ワニ,true,2026-08-19T14:01:28.924Z,2026-08-19T14:03:11.980Z,103,2026-08-19T14:03:11.980Z,2026-08-19T14:03:11.980Z
8a431bff-c5f6-4de2-9ce4-da53bb90be78,surveillance,mytwocents,P02,50-59,male,2,2,4,4,4,2,4,2,4,2,,,ワニ,true,2026-08-19T14:02:22.237Z,2026-08-19T14:03:12.414Z,50,2026-08-19T14:03:12.415Z,2026-08-19T14:03:12.415Z
ee7bcb7e-0dfb-4bfc-a59c-2b2f97385da1,nuclearenergy,mytwocents,P02,50-59,male,3,4,4,4,4,3,4,4,3,3,もうちょっとわかりやすくしてくれるといい,研究に役立ててください,ワニ,true,2026-08-19T14:01:30.547Z,2026-08-19T14:03:16.682Z,106,2026-08-19T14:03:16.683Z,2026-08-19T14:03:16.683Z
9f706f0d-1a1e-4e58-9919-8c468704d5a4,nuclearenergy,mytwocents,P05,50-59,female,3,4,2,4,4,4,3,3,3,3,,,ワニ,true,2026-08-19T14:01:29.681Z,2026-08-19T14:03:17.643Z,108,2026-08-19T14:03:17.644Z,2026-08-19T14:03:17.644Z
3b83d561-44a0-44a5-a5c3-a5fff868f9ef,surveillance,mytwocents,P04,20-29,male,4,5,5,5,5,5,3,5,4,1,いい,いい,ワニ,true,2026-08-19T14:02:50.748Z,2026-08-19T14:03:21.541Z,31,2026-08-19T14:03:21.542Z,2026-08-19T14:03:21.542Z
2f3c62bc-520c-4dce-a418-35b58a8fb712,surveillance,mytwocents,P02,50-59,female,2,3,4,4,4,5,4,4,4,2,,,ワニ,true,2026-08-19T14:02:41.694Z,2026-08-19T14:03:39.498Z,58,2026-08-19T14:03:39.498Z,2026-08-19T14:03:39.498Z
a8e599f4-89ac-47b4-8def-b9ec376ef66c,surveillance,mytwocents,P04,50-59,female,2,4,4,4,4,4,3,3,4,2,,,ワニ,true,2026-08-19T14:02:28.258Z,2026-08-19T14:03:45.209Z,77,2026-08-19T14:03:45.210Z,2026-08-19T14:03:45.210Z
067b2999-831a-4d1b-a54f-053cefa349d7,selfdrivingcars,mytwocents,P02,60+,female,2,1,2,2,2,2,3,3,2,2,,,ワニ,true,2026-08-19T14:01:43.043Z,2026-08-19T14:03:50.007Z,127,2026-08-19T14:03:50.007Z,2026-08-19T14:03:50.007Z
aa516ee9-c35b-4431-8691-b77e9b3f5cf9,selfdrivingcars,mytwocents,P03,60+,male,3,3,3,3,3,3,4,3,3,2,,,ワニ,true,2026-08-19T14:02:50.349Z,2026-08-19T14:04:13.118Z,83,2026-08-19T14:04:13.118Z,2026-08-19T14:04:13.118Z
951cec99-5e3f-41f0-afd2-38394e2d9901,nuclearenergy,mytwocents,P02,50-59,female,2,2,4,4,4,4,3,3,4,2,,,ワニ,true,2026-08-19T14:02:34.501Z,2026-08-19T14:04:16.751Z,102,2026-08-19T14:04:16.751Z,2026-08-19T14:04:16.751Z
ea8aeac3-1c09-480d-912a-9b5eb8beca70,nuclearenergy,mytwocents,P04,40-49,male,3,2,3,4,5,4,4,3,3,3,,,ワニ,true,2026-08-19T14:01:30.639Z,2026-08-19T14:04:19.364Z,169,2026-08-19T14:04:19.365Z,2026-08-19T14:04:19.365Z
847bb05b-5666-4f90-996a-bf2e994ed020,nuclearenergy,mytwocents,P04,40-49,male,1,4,4,4,4,4,4,4,4,1,,,ワニ,true,2026-08-19T14:03:52.137Z,2026-08-19T14:04:30.486Z,38,2026-08-19T14:04:30.486Z,2026-08-19T14:04:30.486Z
798931c1-51b9-4c47-a5d5-6e0e0f83bd7c,selfdrivingcars,mytwocents,P05,50-59,male,3,4,3,2,2,3,3,3,2,3,,,犬,false,2026-08-19T14:01:28.718Z,2026-08-19T14:04:34.461Z,186,2026-08-19T14:04:34.462Z,2026-08-19T14:04:34.462Z
096c95cf-ee54-4bfa-b552-084c59440914,selfdrivingcars,mytwocents,P05,60+,male,3,4,4,5,4,4,4,4,4,3,ある程度分かりやすかった,特にありません,ワニ,true,2026-08-19T14:01:40.704Z,2026-08-19T14:04:36.538Z,176,2026-08-19T14:04:36.538Z,2026-08-19T14:04:36.538Z
211f559b-0f7e-47cc-a66f-c04aaa0a6abb,selfdrivingcars,mytwocents,P03,40-49,male,2,2,3,4,4,4,3,3,3,2,,,ワニ,true,2026-08-19T14:01:55.509Z,2026-08-19T14:04:41.322Z,166,2026-08-19T14:04:41.323Z,2026-08-19T14:04:41.323Z
bae45fb9-e071-4a4f-b371-59b1097d0aff,selfdrivingcars,news,,60+,male,4,4,5,4,3,4,,,,4,,,ワニ,true,2026-08-19T14:01:29.265Z,2026-08-19T14:04:48.340Z,199,2026-08-19T14:04:48.340Z,2026-08-19T14:04:48.340Z
fd008aad-4fff-4984-b38c-b3678182ef45,nuclearenergy,mytwocents,P01,60+,male,3,3,4,4,3,3,2,3,4,2,,,ワニ,true,2026-08-19T14:02:15.721Z,2026-08-19T14:04:52.657Z,157,2026-08-19T14:04:52.657Z,2026-08-19T14:04:52.657Z
031935ac-c608-4f69-8a3a-774b543b2efc,selfdrivingcars,mytwocents,P05,30-39,female,1,2,4,4,4,5,4,1,5,1,自分では気づかぬ知識も多く読み物としてよい,回答が気に入らないからと言って利用制限するのはやめていただきたい,ワニ,true,2026-08-19T14:01:27.980Z,2026-08-19T14:04:55.845Z,208,2026-08-19T14:04:55.846Z,2026-08-19T14:04:55.846Z
bb4c8654-96f8-44fc-914e-0b0a1ce4331c,surveillance,mytwocents,P02,60+,male,2,2,3,3,3,4,2,4,4,2,簡潔にまとめられていて読みやすかった,,ワニ,true,2026-08-19T14:01:29.256Z,2026-08-19T14:05:08.041Z,219,2026-08-19T14:05:08.042Z,2026-08-19T14:05:08.042Z
8ace846d-bba4-46e1-b550-fd0acb5723fb,nuclearenergy,mytwocents,P02,50-59,male,4,4,5,4,5,4,4,4,5,4,,,ワニ,true,2026-08-19T14:02:44.561Z,2026-08-19T14:05:08.171Z,144,2026-08-19T14:05:08.172Z,2026-08-19T14:05:08.172Z
4e4ea97c-0278-4ce3-aba7-fcada8d9e6f5,surveillance,mytwocents,P03,50-59,male,1,4,3,4,4,4,4,4,3,2,,,ライオン,false,2026-08-19T14:01:40.959Z,2026-08-19T14:05:12.914Z,212,2026-08-19T14:05:12.914Z,2026-08-19T14:05:12.914Z
b1b19d39-e227-4952-a4b8-76e590f5b86a,surveillance,mytwocents,P03,50-59,male,2,2,4,4,4,3,4,4,4,2,,,ワニ,true,2026-08-19T14:04:25.409Z,2026-08-19T14:05:34.387Z,69,2026-08-19T14:05:34.387Z,2026-08-19T14:05:34.387Z
c129c087-03ae-476b-be6d-da32fc09b195,surveillance,mytwocents,P03,40-49,male,4,5,5,5,5,5,5,5,5,1,,,ワニ,true,2026-08-19T14:05:13.013Z,2026-08-19T14:05:39.812Z,27,2026-08-19T14:05:39.813Z,2026-08-19T14:05:39.813Z
28536b75-b36c-4141-aa7b-0a08e9554e6f,selfdrivingcars,mytwocents,P04,50-59,male,3,4,4,5,5,5,4,4,4,3,文字の大きさと背景のいろを読みやすいものに変えてほしい,,ワニ,true,2026-08-19T14:01:37.630Z,2026-08-19T14:05:55.489Z,258,2026-08-19T14:05:55.489Z,2026-08-19T14:05:55.489Z
9aa1194a-b3aa-45e7-84de-b2d1fb7d7dd6,selfdrivingcars,news,,60+,male,2,3,2,3,3,3,,,,1,,,ワニ,true,2026-08-19T14:02:05.112Z,2026-08-19T14:05:59.752Z,235,2026-08-19T14:05:59.753Z,2026-08-19T14:05:59.753Z
ce33aa0a-2a54-4a66-ae1f-5817952900b0,selfdrivingcars,mytwocents,P05,60+,female,4,4,4,4,4,5,4,4,4,4,,,ワニ,true,2026-08-19T14:01:29.595Z,2026-08-19T14:06:06.887Z,277,2026-08-19T14:06:06.887Z,2026-08-19T14:06:06.887Z
c2369112-e35f-4335-9b00-6afc252dd4cb,selfdrivingcars,mytwocents,P02,50-59,male,3,4,4,5,5,4,5,4,4,2,,,ワニ,true,2026-08-19T14:02:14.646Z,2026-08-19T14:06:07.537Z,233,2026-08-19T14:06:07.537Z,2026-08-19T14:06:07.537Z
d1bf1690-5541-4f24-a658-7c6f8a3da912,nuclearenergy,mytwocents,P05,50-59,male,3,4,4,5,4,3,4,3,2,3,,,ワニ,true,2026-08-19T14:01:53.241Z,2026-08-19T14:06:08.191Z,255,2026-08-19T14:06:08.192Z,2026-08-19T14:06:08.192Z
e5345652-8ec3-4a09-bd6b-52c87095e51c,nuclearenergy,mytwocents,P01,50-59,male,1,5,5,2,4,4,3,2,4,1,短い文章にして内容を把握しやすくしてほしい,,ワニ,true,2026-08-19T14:01:30.390Z,2026-08-19T14:06:11.670Z,281,2026-08-19T14:06:11.671Z,2026-08-19T14:06:11.671Z
27402bbc-cb73-4f7b-80b2-0a9cb14b3bcd,surveillance,mytwocents,P03,60+,female,1,3,4,4,4,4,4,4,5,2,,,ワニ,true,2026-08-19T14:03:29.871Z,2026-08-19T14:06:13.197Z,163,2026-08-19T14:06:13.197Z,2026-08-19T14:06:13.197Z
b7f1e321-b60d-4368-b8e9-6cbe75cd3a51,surveillance,mytwocents,P03,50-59,male,2,4,4,4,4,3,4,4,4,3,,,ワニ,true,2026-08-19T14:04:36.658Z,2026-08-19T14:06:13.210Z,97,2026-08-19T14:06:13.211Z,2026-08-19T14:06:13.211Z
9a916253-cc47-4d1e-a308-0217cbe10e04,surveillance,mytwocents,P04,30-39,male,2,4,5,4,5,5,5,2,5,2,ニュース記事の内容は分かりやすく、チャットボットの議論自体に問題の有る発言も無く妥当な内容だと思いました。,,ワニ,true,2026-08-19T14:01:33.126Z,2026-08-19T14:06:13.245Z,280,2026-08-19T14:06:13.245Z,2026-08-19T14:06:13.245Z
d95924ce-9904-4710-85b6-1dd41b94a71b,surveillance,mytwocents,P03,60+,female,2,1,4,4,4,1,4,3,2,3,,,ワニ,true,2026-08-19T14:05:09.420Z,2026-08-19T14:06:31.638Z,82,2026-08-19T14:06:31.638Z,2026-08-19T14:06:31.638Z
d12dd367-0fb7-4a3c-bed8-7196170cea69,nuclearenergy,mytwocents,P02,40-49,male,1,5,4,4,4,5,4,4,4,1,テーマが非常に重い内容です。反対・賛成の他に”わからない”人も混ぜて欲しい。大きな問題が起きた時、最終的に責任を取るのは国民なのだから、簡単に方向性を決めて欲しくないです。,上記以外には特にありません,ワニ,true,2026-08-19T14:02:37.159Z,2026-08-19T14:06:38.279Z,241,2026-08-19T14:06:38.279Z,2026-08-19T14:06:38.279Z
94d632e8-f70c-4631-9a53-2c26c2c91784,nuclearenergy,mytwocents,P04,40-49,female,3,4,4,2,3,2,3,2,2,3,ニュースに対する第三者の意見としてチャットボットの表示は良いと思いましたが、発言の根拠や責任の所在が不明な点が気になりました。,,ワニ,true,2026-08-19T14:03:31.632Z,2026-08-19T14:06:38.295Z,187,2026-08-19T14:06:38.296Z,2026-08-19T14:06:38.296Z
121b2dd0-a243-4053-95f3-a3cb18591221,surveillance,mytwocents,P02,40-49,female,2,2,5,5,5,5,4,4,4,3,各記事、チャットの要点をまとめてタイトルなどにあると、とてもわかりやすい,,ワニ,true,2026-08-19T14:02:44.709Z,2026-08-19T14:06:46.078Z,241,2026-08-19T14:06:46.079Z,2026-08-19T14:06:46.079Z
39afea67-55ce-445d-8b18-451be024a352,nuclearenergy,mytwocents,P01,40-49,female,4,5,4,4,4,4,3,4,2,3,,,ワニ,true,2026-08-19T14:04:16.666Z,2026-08-19T14:06:53.623Z,157,2026-08-19T14:06:53.623Z,2026-08-19T14:06:53.623Z
40968caa-3715-47b5-9124-4d2862aecc65,selfdrivingcars,mytwocents,P01,40-49,male,1,1,1,1,1,1,1,1,1,1,,,ワニ,true,2026-08-19T14:06:28.002Z,2026-08-19T14:06:53.765Z,26,2026-08-19T14:06:53.765Z,2026-08-19T14:06:53.765Z
4eac89eb-b6d3-4ec0-800c-29486b0c9a1b,selfdrivingcars,mytwocents,P01,40-49,male,3,2,4,4,4,4,4,4,5,3,いろいろな意見があると参考になった,特になし,ワニ,true,2026-08-19T14:04:46.478Z,2026-08-19T14:06:57.264Z,131,2026-08-19T14:06:57.265Z,2026-08-19T14:06:57.265Z
2a246e94-d73f-4d6d-9b66-38d8f1119174,surveillance,mytwocents,P03,50-59,female,2,1,4,5,5,4,4,4,4,3,チャットボットの表示の方が内容が頭に入りやすかったです。,,ワニ,true,2026-08-19T14:01:29.140Z,2026-08-19T14:06:59.230Z,330,2026-08-19T14:06:59.231Z,2026-08-19T14:06:59.231Z
350dad50-cc56-49b8-9eb2-a5bb2eb34635,surveillance,mytwocents,P01,50-59,male,3,3,5,4,4,4,4,3,4,3,読みやすかったです。,特にありません,ワニ,true,2026-08-19T14:01:29.075Z,2026-08-19T14:07:03.770Z,335,2026-08-19T14:07:03.771Z,2026-08-19T14:07:03.771Z
3c767d6e-168a-470b-b46d-b6f3ebd76ca2,nuclearenergy,mytwocents,P01,50-59,male,3,2,4,4,4,4,4,4,4,3,特にない,特にない,ワニ,true,2026-08-19T14:02:48.601Z,2026-08-19T14:07:07.025Z,258,2026-08-19T14:07:07.025Z,2026-08-19T14:07:07.025Z
aa7df96c-e1ae-4708-8a5f-21ad6bfbb540,surveillance,mytwocents,P03,40-49,male,2,3,4,3,3,3,3,3,4,2,,,ワニ,true,2026-08-19T14:05:13.777Z,2026-08-19T14:07:11.214Z,117,2026-08-19T14:07:11.214Z,2026-08-19T14:07:11.214Z
1d476d87-f739-45a3-8370-232f73b16bad,selfdrivingcars,mytwocents,P05,50-59,female,3,3,4,4,3,3,3,3,3,3,,,ワニ,true,2026-08-19T14:04:24.985Z,2026-08-19T14:07:14.072Z,169,2026-08-19T14:07:14.073Z,2026-08-19T14:07:14.073Z
d4ba9387-d037-4c56-9786-a183f45071d6,selfdrivingcars,mytwocents,P04,60+,male,2,2,5,4,4,4,5,4,4,2,非常に良かったと思います。自動運転は実際には可能かもしれませんが、公道デビューはまだ課題が山積みだと思っています。,,ワニ,true,2026-08-19T14:01:29.250Z,2026-08-19T14:07:18.901Z,350,2026-08-19T14:07:18.902Z,2026-08-19T14:07:18.902Z
ddd052d6-5719-4653-8f16-3123f214f66d,surveillance,mytwocents,P03,30-39,male,3,4,5,5,5,5,4,4,5,3,テキストの言い回しを親しみやすくしたい,,ワニ,true,2026-08-19T14:01:36.675Z,2026-08-19T14:07:19.469Z,343,2026-08-19T14:07:19.470Z,2026-08-19T14:07:19.470Z
7fbcb277-a678-44c6-a167-44bc133ea02a,selfdrivingcars,mytwocents,P04,40-49,male,3,3,4,5,5,4,4,4,4,2,賛成意見と反対意見のやり取りで問題点が何なのか分かりやすかった,,ワニ,true,2026-08-19T14:01:44.448Z,2026-08-19T14:07:22.332Z,338,2026-08-19T14:07:22.333Z,2026-08-19T14:07:22.333Z
f7df01d0-e405-44bb-ab33-e000a933df4d,nuclearenergy,mytwocents,P04,50-59,male,1,4,5,4,4,5,4,5,5,1,原発に賛成反対ではなくて必要か不必要かと言う視点での議論は目新しく興味を持って読むことが出来ました。,,ワニ,true,2026-08-19T14:02:08.975Z,2026-08-19T14:07:29.679Z,321,2026-08-19T14:07:29.680Z,2026-08-19T14:07:29.680Z
928cf98e-ba40-4cc6-bfc7-dd76bd4e1cd7,selfdrivingcars,news,,50-59,male,3,4,4,4,3,5,,,,3,,高齢の親の運転が心配なので、早くレベル4の車が普及して生活の足になってほしいです。しかし、システムを完全に信用するのは怖いし、万が一事故が起きたときに誰の責任になるのかが不透明で不安です。,ワニ,true,2026-08-19T14:01:31.160Z,2026-08-19T14:07:33.622Z,362,2026-08-19T14:07:33.622Z,2026-08-19T14:07:33.622Z
3511446f-a713-4adc-975a-b3961fa707be,surveillance,mytwocents,P04,50-59,male,2,2,5,4,5,4,4,4,2,2,スマホだとレイアウトが崩れて見にくかった,,ライオン,false,2026-08-19T14:02:18.530Z,2026-08-19T14:07:34.849Z,316,2026-08-19T14:07:34.849Z,2026-08-19T14:07:34.849Z
5b2abb84-a341-42c4-b294-771ab688db17,selfdrivingcars,mytwocents,P05,50-59,female,3,4,4,4,4,4,5,4,5,3,,,ワニ,true,2026-08-19T14:01:29.016Z,2026-08-19T14:08:01.780Z,393,2026-08-19T14:08:01.781Z,2026-08-19T14:08:01.781Z
995dd445-dfc9-48aa-999d-656921f98e0f,nuclearenergy,mytwocents,P02,60+,female,3,4,3,3,4,3,3,3,3,3,日本語がおかしなところがあり、答え方がよくわからないぶぶんがある,日本語がおかしい部分があり、どう答えるのかよくわからない,ワニ,true,2026-08-19T14:02:28.158Z,2026-08-19T14:08:24.019Z,356,2026-08-19T14:08:24.019Z,2026-08-19T14:08:24.019Z
ab7e9916-3bb4-42d1-99cf-b62be1f4032b,selfdrivingcars,news,,60+,male,3,4,4,4,4,4,,,,3,,"この記事を読んで現状は非常に困難な状況にある印象を受けた。
そのうえで、さらなる革新が起こるのかなという期待感もある。",ワニ,true,2026-08-19T14:01:38.955Z,2026-08-19T14:08:27.619Z,409,2026-08-19T14:08:27.619Z,2026-08-19T14:08:27.619Z
1c9b9e80-de2e-401d-a8f4-04a55765dbba,selfdrivingcars,mytwocents,P02,60+,male,3,3,4,4,5,4,4,3,4,3,対立点が目についた。各々を補完しながらより良い方向に向けた建設的な意見があったら良い。,,ワニ,true,2026-08-19T14:01:34.340Z,2026-08-19T14:09:03.625Z,449,2026-08-19T14:09:03.626Z,2026-08-19T14:09:03.626Z
587fe2b9-7d6a-4716-84df-fef64cfd9381,surveillance,news,,60+,male,3,4,4,4,4,4,,,,3,,,ワニ,true,2026-08-19T14:08:33.174Z,2026-08-19T14:09:04.246Z,31,2026-08-19T14:09:04.247Z,2026-08-19T14:09:04.247Z
b0e0f064-d149-4fb6-8d38-fbd556aeaf69,surveillance,mytwocents,P01,40-49,male,4,1,4,4,4,3,4,3,4,4,分かりにくい言い回しがある,,ワニ,true,2026-08-19T14:01:52.608Z,2026-08-19T14:09:06.244Z,434,2026-08-19T14:09:06.245Z,2026-08-19T14:09:06.245Z
1df96baf-f1f1-4d41-a674-21fa72f403b5,surveillance,mytwocents,P03,20-29,male,2,1,2,2,2,3,3,2,3,2,,,ワニ,true,2026-08-19T14:05:26.144Z,2026-08-19T14:09:10.401Z,224,2026-08-19T14:09:10.401Z,2026-08-19T14:09:10.401Z
fde6cbab-817c-4d17-9186-b6db5f90e41d,surveillance,mytwocents,P01,60+,male,3,3,4,4,5,4,3,3,4,3,チャットボットの会話の内容が少しかみ合ってないように感じた,,ワニ,true,2026-08-19T14:02:14.540Z,2026-08-19T14:09:22.009Z,427,2026-08-19T14:09:22.009Z,2026-08-19T14:09:22.009Z
f83d2355-c610-4cd2-bfac-b78161412911,surveillance,news,,40-49,male,2,2,4,4,3,3,,,,2,,,ワニ,true,2026-08-19T14:07:57.440Z,2026-08-19T14:09:30.488Z,93,2026-08-19T14:09:30.489Z,2026-08-19T14:09:30.489Z
cea66c3b-d888-4bee-a22c-6f9e75f4ea20,surveillance,mytwocents,P03,40-49,male,2,1,3,4,4,3,4,3,2,2,改行がない長い文章だったので少し読みにくかった,,ワニ,true,2026-08-19T14:03:22.386Z,2026-08-19T14:09:43.596Z,381,2026-08-19T14:09:43.597Z,2026-08-19T14:09:43.597Z
bb124567-ba09-45b0-95b7-853b5d276b40,nuclearenergy,mytwocents,P01,40-49,male,1,4,4,4,4,3,4,4,4,1,,,ワニ,true,2026-08-19T14:04:21.986Z,2026-08-19T14:09:46.101Z,324,2026-08-19T14:09:46.102Z,2026-08-19T14:09:46.102Z
e4dbf92e-b429-4a24-bd75-e7f8023b1a17,selfdrivingcars,mytwocents,P03,40-49,male,3,2,4,4,5,4,5,4,4,3,,,ワニ,true,2026-08-19T14:02:23.283Z,2026-08-19T14:10:06.667Z,463,2026-08-19T14:10:06.668Z,2026-08-19T14:10:06.668Z
c3d24eca-a6d4-4475-a4db-493e84ba13de,surveillance,mytwocents,P03,50-59,female,2,4,5,5,5,5,4,4,5,2,自分の感情を言語化してくれた点がよかった,特にない,ワニ,true,2026-08-19T14:06:10.986Z,2026-08-19T14:10:14.681Z,244,2026-08-19T14:10:14.681Z,2026-08-19T14:10:14.681Z
8380f7da-6d8a-40ba-8ed2-135134749f6c,selfdrivingcars,mytwocents,P03,30-39,male,4,4,3,4,4,5,3,3,2,3,車の自動運転化についての賛成派と反対派の両方の意見が知れて考えさせられた,,ワニ,true,2026-08-19T14:03:38.379Z,2026-08-19T14:10:21.738Z,403,2026-08-19T14:10:21.738Z,2026-08-19T14:10:21.738Z
84f600ae-16b0-4962-9ea0-768d0de82eef,selfdrivingcars,mytwocents,P05,50-59,male,3,3,4,4,4,4,4,3,4,3,チャットで同じ様な内容の発言が続いてしまい、議論がなかなか進まないように感じた。,,ワニ,true,2026-08-19T14:03:46.846Z,2026-08-19T14:10:23.328Z,396,2026-08-19T14:10:23.328Z,2026-08-19T14:10:23.328Z
7b3d50ca-2d73-4d76-bb41-f5ee9d624763,surveillance,mytwocents,P05,50-59,female,1,1,3,4,4,4,3,4,4,2,ニュースをチャットにする事で、内容が分かりやすくなったと思う。,監視も大事な事もあるけど、やっぱり監視されてる感が強ければ嫌な気持ちになる,ワニ,true,2026-08-19T14:01:52.415Z,2026-08-19T14:10:39.838Z,527,2026-08-19T14:10:39.839Z,2026-08-19T14:10:39.839Z
69429739-5054-46bd-b535-98091b3c5f26,surveillance,mytwocents,P02,50-59,female,1,3,5,4,5,4,5,4,4,2,一つの記事に対して、賛成派、反対派どちらの意見も読むことができて良かったと思います。どちらの意見にも納得できる部分があって、知見が広がったように思いました。,,ワニ,true,2026-08-19T14:01:40.529Z,2026-08-19T14:10:56.891Z,556,2026-08-19T14:10:56.891Z,2026-08-19T14:10:56.891Z
b52cd2fb-708a-43c3-9679-401335a0b7f4,surveillance,news,,50-59,female,1,3,2,3,2,3,,,,1,,わかりにくい,ワニ,true,2026-08-19T14:08:55.996Z,2026-08-19T14:11:31.971Z,156,2026-08-19T14:11:31.972Z,2026-08-19T14:11:31.972Z
d776463a-bb2f-4a9c-8720-d490a120006f,surveillance,mytwocents,P02,40-49,male,2,3,5,5,4,4,5,5,5,3,ニュース内容を補足・深堀りするという点でチャットボットの表示はためになった。ただ、難しい内容で文字数もそれなりに多かったので、読み終えた時に少し疲れた。,一つの話題に対しての両論併記がなされていて公平な観点からのニュースだと思った,ワニ,true,2026-08-19T14:02:38.759Z,2026-08-19T14:12:41.419Z,603,2026-08-19T14:12:41.419Z,2026-08-19T14:12:41.419Z
60b85810-849b-4eca-9c1f-1623873e6835,surveillance,mytwocents,P01,50-59,male,2,2,5,3,3,4,4,4,4,3,何の罪もない一般市民の監視もしなければならないということに抵抗持つ人がいるが、その中にテロリストが紛れ込む確率は、とても大きい。だが、その録画されたフィルムもしくはディスクを第3者に渡してはいけない。これが一番怖いし、多くの人が恐れ反対する理由だろう。様はしっかりと管理するこの1点が大切だ。,今回はこのタスクに参加できたが、いつもすぐに満席になり参加できない。,ワニ,true,2026-08-19T14:01:38.624Z,2026-08-19T14:13:51.686Z,733,2026-08-19T14:13:51.687Z,2026-08-19T14:13:51.687Z
a1d0a35f-b8ee-464a-bb76-3e3115384c0b,nuclearenergy,news,,40-49,female,2,3,4,4,4,2,,,,2,,,ワニ,true,2026-08-19T14:13:19.057Z,2026-08-19T14:14:01.248Z,42,2026-08-19T14:14:01.248Z,2026-08-19T14:14:01.248Z
4a631844-93ac-4f0c-a019-60035a4d3f00,nuclearenergy,news,,60+,male,4,4,4,4,3,4,,,,4,,資源がない日本では自然を破壊する太陽光発電や海洋発電より有用。ただし大毛になる発電技術が確立されたのなら廃止するのがのぞましい,ワニ,true,2026-08-19T14:10:55.443Z,2026-08-19T14:14:08.773Z,193,2026-08-19T14:14:08.774Z,2026-08-19T14:14:08.774Z
ffe411f9-c216-45e4-9b25-8d1dd896e434,selfdrivingcars,mytwocents,P01,40-49,male,3,4,4,4,4,3,4,4,4,3,,,ワニ,true,2026-08-19T14:06:35.571Z,2026-08-19T14:14:27.928Z,472,2026-08-19T14:14:27.929Z,2026-08-19T14:14:27.929Z
9465493e-8138-4b19-a186-79a5a54d5f21,surveillance,mytwocents,P03,40-49,female,2,1,3,4,4,3,4,4,3,3,少し読みにくさがある,,ワニ,true,2026-08-19T14:04:01.526Z,2026-08-19T14:15:06.165Z,665,2026-08-19T14:15:06.165Z,2026-08-19T14:15:06.165Z
fcfcf42b-6705-4ebd-9910-2a5e863300b3,selfdrivingcars,mytwocents,P01,50-59,male,3,4,5,4,4,3,4,3,3,3,まず賛否両論があり、それぞれに理由付けがされているのがよかった。自動運転のテーマに限って言えば、特に高齢化が進み、移動手段がない地域には絶対必要なので、どうすればできるか、できない障害になるものは何か、という観点でもいいと思う。,,ワニ,true,2026-08-19T14:02:44.891Z,2026-08-19T14:15:17.963Z,753,2026-08-19T14:15:17.964Z,2026-08-19T14:15:17.964Z
02494be9-c757-4961-aab3-7f34c06d1970,nuclearenergy,mytwocents,P03,60+,female,3,2,2,3,3,2,3,3,2,3,ニュース記事はともかく、チャットボットが非常に読みにくいし、理解しにくい,特にない,犬,false,2026-08-19T14:02:04.611Z,2026-08-19T14:19:00.919Z,1016,2026-08-19T14:19:00.920Z,2026-08-19T14:19:00.920Z
740f7d00-5d8a-464d-909e-f62e98fb4022,surveillance,news,,20-29,male,2,2,4,4,4,3,,,,2,,,ワニ,true,2026-08-19T14:15:52.950Z,2026-08-19T14:22:47.877Z,415,2026-08-19T14:22:47.877Z,2026-08-19T14:22:47.877Z
ab488cc2-9931-41aa-a53a-05529631b4c5,surveillance,mytwocents,P03,50-59,male,1,4,5,2,2,2,4,4,2,1,チャットボットの一つのターンの話が長い。もう少し短くしてほしい。,賛成派は集めたデータを管理すれば良い、反対派は集めたデータの管理は出来ない、概ねこういう事だと思った。現実的には反対派の意見が合っているんじゃないかと思う。,ワニ,true,2026-08-19T14:02:43.853Z,2026-08-19T14:22:56.750Z,1213,2026-08-19T14:22:56.751Z,2026-08-19T14:22:56.751Z
645af822-4a89-4812-8bd7-cdf5f2535921,nuclearenergy,news,,50-59,male,3,3,5,4,4,2,,,,3,,,ワニ,true,2026-08-19T14:20:01.442Z,2026-08-19T14:24:09.495Z,248,2026-08-19T14:24:09.495Z,2026-08-19T14:24:09.495Z
4dfbfd93-ac5b-4314-a0be-70906938ebe4,nuclearenergy,news,,60+,male,3,2,4,3,3,2,,,,3,,,ワニ,true,2026-08-19T16:08:12.724Z,2026-08-19T16:16:28.371Z,496,2026-08-19T16:16:28.372Z,2026-08-19T16:16:28.372Z